1,70,4,577,2024-04-28T23:49:04+00:00,2023-12-21T18:39:46+00:00,2023-10-17T16:30:43+00:00
2,52,91,658,2023-10-05T07:07:10+00:00,2024-06-07T06:54:49+00:00,2024-05-29T18:56:48+00:00
3,94,93,698,2024-08-15T10:25:05+00:00,2023-10-02T11:22:28+00:00,2023-10-20T20:54:46+00:00
4,80,66,391,2024-01-01T09:21:39+00:00,2024-05-29T01:08:30+00:00,2024-09-01T17:56:31+00:00
5,10,39,322,2024-03-16T08:17:26+00:00,2024-04-27T06:50:33+00:00,2024-06-09T16:34:22+00:00
6,36,97,281,2024-09-22T01:13:33+00:00,2023-09-25T09:55:06+00:00,2024-05-28T10:01:57+00:00
7,100,16,42,2024-05-16T12:51:22+00:00,2023-12-01T09:55:24+00:00,2024-08-17T00:19:27+00:00
8,68,5,306,2024-02-21T17:05:26+00:00,2024-04-30T13:55:54+00:00,2023-10-25T12:17:14+00:00
9,19,4,269,2024-03-07T21:14:01+00:00,2024-04-24T21:23:49+00:00,2024-01-16T01:28:55+00:00
10,66,96,473,2024-05-20T11:20:58+00:00,2023-11-29T18:01:27+00:00,2023-10-01T12:12:09+00:00
11,74,77,644,2024-01-14T12:50:10+00:00,2024-02-02T03:29:43+00:00,2024-03-26T06:06:04+00:00
12,96,72,606,2024-01-30T01:19:35+00:00,2024-08-26T13:33:13+00:00,2023-10-05T15:47:17+00:00
13,25,61,785,2024-04-13T13:54:27+00:00,2024-01-06T14:53:39+00:00,2024-03-21T12:18:46+00:00
14,97,84,123,2024-03-12T00:51:28+00:00,2024-09-17T04:43:21+00:00,2024-01-25T20:49:58+00:00
15,74,47,304,2024-06-22T00:44:29+00:00,2024-08-03T16:34:43+00:00,2024-01-22T18:19:00+00:00
16,4,49,623,2024-08-19T01:13:06+00:00,2024-07-06T00:18:14+00:00,2024-06-18T22:59:52+00:00
17,92,43,375,2024-08-12T12:05:53+00:00,2024-09-16T09:17:47+00:00,2023-12-28T21:45:25+00:00
18,50,31,428,2023-12-07T01:41:02+00:00,2024-06-22T17:37:35+00:00,2024-07-24T20:33:55+00:00
19,72,34,443,2024-06-26T22:19:54+00:00,2024-09-16T14:50:02+00:00,2024-02-15T08:01:28+00:00
20,72,23,497,2024-03-18T19:27:20+00:00,2023-10-22T05:04:30+00:00,2024-05-19T17:43:24+00:00
21,38,27,142,2024-02-11T04:54:36+00:00,2024-01-30T23:26:07+00:00,2024-04-07T19:32:03+00:00
22,53,100,927,2024-06-14T02:34:21+00:00,2023-12-06T09:34:09+00:00,2024-03-10T14:19:28+00:00
23,78,35,756,2024-03-17T15:11:17+00:00,2023-12-21T06:59:50+00:00,2024-09-13T13:04:53+00:00
24,81,89,750,2024-06-11T05:24:27+00:00,2024-09-05T09:47:58+00:00,2024-06-26T09:06:17+00:00
25,21,92,804,2023-12-18T20:42:56+00:00,2023-11-25T04:33:20+00:00,2024-02-02T06:50:28+00:00
26,98,84,326,2023-11-27T22:30:07+00:00,2023-12-31T08:02:02+00:00,2024-03-04T08:02:35+00:00
27,47,73,88,2024-01-26T03:11:17+00:00,2024-05-07T19:29:56+00:00,2024-07-06T14:10:32+00:00
28,11,53,173,2024-07-28T22:13:14+00:00,2024-08-07T06:37:16+00:00,2024-01-03T03:33:55+00:00
29,20,35,598,2024-06-21T06:51:39+00:00,2023-09-28T07:20:41+00:00,2023-11-21T16:53:59+00:00
30,87,88,442,2024-02-09T20:03:34+00:00,2023-12-15T07:45:06+00:00,2024-02-03T14:36:56+00:00
31,98,9,35,2024-08-25T02:27:27+00:00,2024-08-29T17:56:41+00:00,2024-06-25T19:04:35+00:00
32,16,37,55,2024-08-14T05:56:58+00:00,2024-07-30T23:02:45+00:00,2024-09-15T20:31:21+00:00
33,31,97,232,2024-02-23T05:55:24+00:00,2024-03-25T11:52:37+00:00,2024-05-12T14:32:37+00:00
34,43,80,788,2024-08-24T07:00:04+00:00,2024-01-05T23:08:24+00:00,2024-03-19T10:29:05+00:00
35,77,47,364,2023-11-14T13:12:11+00:00,2024-03-16T03:56:11+00:00,2023-11-29T13:21:23+00:00
36,76,41,266,2023-11-09T23:24:20+00:00,2024-03-15T22:07:13+00:00,2023-11-08T01:13:09+00:00
37,18,79,772,2024-02-23T20:27:35+00:00,2024-02-26T03:18:31+00:00,2023-12-16T08:05:42+00:00
38,86,100,432,2023-12-31T04:57:19+00:00,2023-12-28T23:35:01+00:00,2024-03-08T17:28:00+00:00
39,58,33,851,2024-07-09T06:06:32+00:00,2024-04-15T15:27:34+00:00,2024-02-12T02:06:07+00:00
40,41,13,752,2023-10-05T02:28:52+00:00,2023-11-14T02:17:29+00:00,2023-11-08T06:27:26+00:00
41,49,50,504,2024-08-12T03:29:36+00:00,2024-05-15T17:25:12+00:00,2024-06-26T06:19:51+00:00
42,78,13,546,2024-03-09T14:25:10+00:00,2024-06-20T08:07:22+00:00,2023-11-22T09:51:22+00:00
43,81,73,62,2024-08-31T01:09:14+00:00,2023-10-15T23:52:13+00:00,2024-05-11T16:37:35+00:00
44,90,43,164,2024-06-15T09:25:13+00:00,2024-04-07T15:50:13+00:00,2024-08-31T19:04:05+00:00
45,14,67,549,2023-12-27T03:03:58+00:00,2024-02-11T22:21:07+00:00,2024-01-29T17:03:52+00:00
46,7,40,626,2024-04-04T08:07:26+00:00,2024-06-17T09:31:38+00:00,2024-07-19T18:02:34+00:00
47,25,68,893,2023-11-20T23:40:55+00:00,2024-02-25T19:16:42+00:00,2024-08-13T22:13:19+00:00
48,69,15,193,2023-09-25T22:45:23+00:00,2024-03-25T08:10:41+00:00,2024-01-21T21:06:33+00:00
49,82,51,729,2023-11-04T16:18:54+00:00,2024-08-05T22:25:45+00:00,2024-04-02T14:10:53+00:00
50,86,34,537,2024-04-23T06:10:04+00:00,2023-09-27T14:44:33+00:00,2024-02-19T04:59:37+00:00
51,30,4,915,2024-05-29T18:19:52+00:00,2024-08-06T03:08:41+00:00,2023-11-30T20:06:52+00:00
52,69,28,356,2023-11-11T10:56:15+00:00,2024-02-24T13:46:00+00:00,2024-01-12T23:05:25+00:00
53,72,63,579,2024-01-07T04:08:23+00:00,2024-01-28T00:06:56+00:00,2023-11-09T13:28:39+00:00
54,1,39,123,2024-04-16T18:02:20+00:00,2024-08-19T13:35:17+00:00,2024-03-10T07:56:31+00:00
55,44,17,154,2024-05-13T13:15:32+00:00,2024-06-05T21:55:00+00:00,2024-01-29T01:22:24+00:00
56,4,27,590,2024-03-23T13:53:24+00:00,2024-07-01T21:11:09+00:00,2023-12-21T08:55:48+00:00
57,92,71,376,2024-03-06T12:05:52+00:00,2024-02-22T22:38:57+00:00,2024-06-13T21:25:53+00:00
58,100,51,599,2024-02-19T03:53:53+00:00,2023-10-29T03:31:41+00:00,2023-09-25T13:51:04+00:00
59,26,18,930,2023-11-18T01:46:52+00:00,2024-03-11T16:01:48+00:00,2024-03-05T16:56:38+00:00
60,77,86,311,2024-08-10T16:47:21+00:00,2024-01-16T05:00:24+00:00,2024-08-31T06:14:14+00:00
61,2,65,704,2024-01-08T12:30:29+00:00,2024-03-09T02:27:05+00:00,2024-05-05T01:48:38+00:00
62,41,52,916,2024-05-29T17:22:59+00:00,2023-10-10T08:27:53+00:00,2023-12-05T20:36:11+00:00
63,25,24,386,2024-02-19T03:28:50+00:00,2023-10-04T05:34:29+00:00,2023-11-05T04:04:48+00:00
64,64,12,338,2024-08-12T21:51:13+00:00,2024-07-28T04:28:18+00:00,2024-02-22T23:42:22+00:00
65,33,9,979,2024-09-13T14:59:09+00:00,2024-05-03T19:32:20+00:00,2023-11-04T11:45:03+00:00
66,65,4,935,2024-06-05T01:17:50+00:00,2024-03-08T16:32:20+00:00,2023-10-21T11:27:53+00:00
67,16,90,751,2024-03-29T02:12:42+00:00,2024-03-19T18:32:56+00:00,2024-08-17T11:56:11+00:00
68,21,89,802,2024-05-24T03:53:24+00:00,2023-12-30T17:16:40+00:00,2024-05-03T22:48:06+00:00
69,26,33,702,2024-04-15T01:54:16+00:00,2023-12-31T07:40:23+00:00,2024-08-09T06:15:09+00:00
70,57,61,737,2024-02-25T19:41:44+00:00,2023-12-18T07:57:53+00:00,2024-06-11T05:14:55+00:00
71,75,42,714,2023-11-02T12:55:48+00:00,2024-09-22T22:23:06+00:00,2024-06-24T09:32:52+00:00
72,46,2,659,2024-04-27T01:28:58+00:00,2024-03-19T15:25:17+00:00,2023-12-29T22:59:31+00:00
73,35,23,112,2024-03-31T15:54:10+00:00,2023-12-16T03:45:27+00:00,2024-01-28T21:44:36+00:00
74,25,59,534,2024-05-24T11:13:15+00:00,2024-04-10T23:29:27+00:00,2024-08-08T00:45:17+00:00
75,82,26,313,2024-08-23T05:23:57+00:00,2023-11-01T21:28:43+00:00,2024-06-23T21:22:05+00:00
76,61,55,377,2023-11-29T12:13:32+00:00,2024-07-18T23:10:19+00:00,2024-05-22T16:18:30+00:00
77,3,9,391,2024-09-15T02:07:14+00:00,2024-02-05T22:42:49+00:00,2024-05-11T00:20:19+00:00
78,27,62,601,2024-05-22T03:55:52+00:00,2023-11-08T20:21:12+00:00,2023-12-18T12:33:06+00:00
79,38,92,228,2024-04-22T09:09:06+00:00,2024-07-23T13:20:24+00:00,2023-11-12T09:09:56+00:00
80,14,87,48,2024-08-17T14:49:36+00:00,2023-11-21T14:57:57+00:00,2024-09-05T04:26:46+00:00
81,11,14,46,2024-07-13T19:26:22+00:00,2023-12-16T01:39:10+00:00,2024-05-19T20:26:49+00:00
82,57,91,341,2024-06-29T02:07:30+00:00,2024-04-10T13:25:49+00:00,2024-01-20T12:51:11+00:00
83,3,4,218,2024-04-26T22:23:00+00:00,2024-05-29T09:56:31+00:00,2024-05-10T14:47:45+00:00
84,38,13,290,2024-02-20T15:26:26+00:00,2024-03-04T04:37:35+00:00,2024-06-17T17:33:55+00:00
85,45,36,526,2023-09-25T18:28:26+00:00,2024-01-24T06:49:45+00:00,2024-05-13T20:13:52+00:00
86,3,45,387,2024-08-13T17:50:04+00:00,2024-07-05T16:27:53+00:00,2024-02-02T12:44:57+00:00
87,46,59,668,2023-10-01T17:35:35+00:00,2024-02-08T09:30:17+00:00,2024-03-24T06:37:10+00:00
88,15,69,475,2024-01-22T06:49:53+00:00,2024-05-16T03:58:57+00:00,2024-04-24T14:18:30+00:00
89,31,63,126,2023-11-02T07:13:52+00:00,2024-03-11T16:30:49+00:00,2024-05-02T20:04:53+00:00
90,45,48,663,2024-08-23T15:44:50+00:00,2024-03-21T08:03:13+00:00,2023-10-04T01:10:09+00:00
91,85,42,85,2024-05-18T15:58:26+00:00,2024-03-16T22:10:25+00:00,2024-09-06T15:59:15+00:00
92,51,20,91,2023-12-13T00:48:53+00:00,2024-03-30T19:35:41+00:00,2024-08-06T14:00:01+00:00
93,34,67,256,2024-08-02T10:21:55+00:00,2023-11-21T23:01:50+00:00,2024-01-15T11:06:26+00:00
94,16,62,735,2024-04-17T06:00:19+00:00,2024-04-24T08:07:27+00:00,2024-01-27T11:38:36+00:00
95,22,36,547,2024-01-03T18:10:50+00:00,2023-10-20T17:15:20+00:00,2024-05-30T06:10:01+00:00
96,67,56,935,2024-04-18T07:12:15+00:00,2024-02-08T18:22:55+00:00,2024-05-19T07:18:55+00:00
97,81,45,463,2024-06-26T15:06:09+00:00,2024-07-11T04:44:33+00:00,2024-04-11T17:38:46+00:00
98,48,82,23,2024-06-24T21:50:40+00:00,2024-06-30T21:17:04+00:00,2024-08-12T00:05:10+00:00
99,77,71,253,2024-08-14T13:34:13+00:00,2024-04-01T06:38:23+00:00,2024-07-20T18:32:48+00:00
100,76,71,284,2023-12-21T09:40:40+00:00,2023-11-26T09:13:53+00:00,2024-01-06T16:58:23+00:00
