1,"Sapientiam, temperantiam, fortitudinem copulatas esse docui cum voluptate, ut ab ipsis, qui eam disciplinam probant, non soleat accuratius explicari; verum enim invenire volumus, non tamquam adversarium aliquem convincere. Accurate autem quondam a L. Torquato, homine omni doctrina erudito, defensa est Epicuri sententia de voluptate, nihil scilicet novi, ea tamen, quae te ipsum probaturum esse confidam.",deleted,2024-08-29T06:07:39+00:00,2023-12-05T21:53:47+00:00,Community Care Initiative,020-29-3537,M,1
2,"Est praetore salutatus Athenis Albucius. Quem quidem locum comit multa venustate et omni sale idem Lucilius, apud quem praeclare Scaevola: Graecum te, Albuci, quam Romanum atque Sabinum, municipem Ponti, Tritani, centurionum, praeclarorum hominum ac primorum signiferumque, maluisti dici. Graece ergo praetor Athenis, id quod maluisti, te, cum ad me accedis, saluto: 'chaere,' inquam, 'Tite!' lictores, turma omnis chorusque: 'chaere, Tite!' hinc hostis mi Albucius, hinc inimicus. Sed iure Mucius. Ego autem mirari.",deleted,2023-10-29T06:12:00+00:00,2024-01-31T19:37:24+00:00,Helping Hands Foundation,985-78-7492,J,0
3,"Censet enim eadem illa constituto veri a falso distinctio traditur. Restat locus huic disputationi vel maxime necessarius de amicitia, quam, si voluptas summum sit bonum, affirmatis nullam omnino fore. De qua omne certamen est? Tuo vero id quidem, inquam, arbitratu. Sic faciam igitur, inquit: unam rem explicabo, eamque maximam, de physicis alias, et quidem locis pluribus. Sed quot homines, tot sententiae; falli igitur possumus. Quam ob rem dissentientium inter se reprehensiones non sunt vituperandae, maledicta, contumeliae, tum iracundiae, contentiones concertationesque in disputando pertinaces indignae philosophia mihi videri solent. Tum Torquatus: Prorsus, inquit, assentior; neque enim tempus est ullum, quo non plus voluptatum habeat quam.",deleted,2024-08-15T09:10:04+00:00,2024-07-18T17:06:27+00:00,Network of Kindness,330-22-5821,P,1
4,"Causa, si qui e nostris aliter existimant, quos quidem video minime esse deterritum. Quae cum tota res (est) ficta pueriliter, tum ne efficit quidem, quod vult. Nam et laetamur amicorum laetitia aeque atque nostra et pariter dolemus angoribus. Quocirca eodem modo sapiens erit affectus erga amicum, quo in se ipsum, quosque labores propter suam voluptatem susciperet.",active,2024-04-12T19:04:03+00:00,2024-08-23T18:10:10+00:00,Helping Hands Foundation,403-92-6783,E,0
5,"Ferre miserum est, ob eamque causam propter voluptatem et parvam et non necessariam et quae vel aliter pararetur et qua etiam carere possent sine dolore tum in dedecora incurrunt, saepe etiam videmus, et perspicuum est omnis rectas res atque laudabilis eo referri, ut cum voluptate conectitur. Nam et complectitur verbis, quod vult, et dicit plane.",deleted,2024-04-10T03:02:51+00:00,2024-03-01T14:34:29+00:00,Compassion Outreach,781-87-3612,G,0
6,Quanto id in hominum consuetudine.,active,2024-04-10T16:16:35+00:00,2024-03-19T19:34:28+00:00,Change Makers Association,976-39-7721,G,1
7,"Iusteque vivatur, nec sapienter, honeste, iuste, nisi iucunde. Neque enim civitas in seditione beata esse potest nec in discordia dominorum domus; quo minus animus a se repellere.",inactive,2024-02-22T23:51:13+00:00,2024-07-10T09:54:04+00:00,United Charities Alliance,660-34-4328,J,1
8,"Explicatis, et, ut modo docui, cognitionis regula et iudicio ab eadem illa atomorum, in quo etiam Democritus haeret, turbulenta concursio hunc mundi ornatum efficere non poterit. Ne illud.",deleted,2024-02-06T18:32:15+00:00,2024-07-11T22:37:20+00:00,Network of Kindness,747-54-8565,P,1
9,"Omnis imperitorum intellegaturque ea, quae senserit ille, tibi non.",inactive,2024-03-10T20:01:04+00:00,2024-09-24T21:27:19+00:00,Bright Future Fund,084-09-5672,P,0
10,"Dicenda sunt. Praeclare enim Epicurus his paene verbis: 'Eadem', inquit, 'scientia confirmavit animum, ne quod aut sempiternum aut diuturnum timeret malum, quae perspexit in hoc ipso vitae spatio amicitiae praesidium esse firmissimum.' Sunt autem quidam Epicurei timidiores paulo contra vestra convicia, sed tamen satis acuti, qui verentur ne, si amicitiam propter nostram voluptatem expetendam putemus, tota amicitia quasi claudicare videatur. Itaque primos congressus.",deleted,2024-07-03T21:04:01+00:00,2024-06-24T09:44:19+00:00,Hope and Love Charity,283-93-5510,J,0
11,"Sententia tale debet esse, ut eius magnitudinem celeritas, diuturnitatem allevatio consoletur. Ad ea cum accedit, ut neque divinum numen horreat nec praeteritas voluptates effluere patiatur earumque assidua recordatione laetetur, quid est, cur.",deleted,2024-01-20T22:46:34+00:00,2024-01-21T05:28:24+00:00,Helping Hands Foundation,452-54-5348,E,1
12,"Necessitatibus saepe eveniet, ut et voluptates et dolores nasci fatemur e corporis voluptatibus et doloribus -- itaque concedo, quod modo dicebas, cadere causa, si qui e nostris aliter existimant, quos quidem video esse multos, sed imperitos --, quamquam autem.",active,2024-07-14T02:14:54+00:00,2024-07-08T05:00:21+00:00,Hope and Love Charity,081-15-3661,P,1
13,"Longinquitate levis, in gravitate brevis soleat esse, ut ad id autem res referuntur omnes, fatendum est summum esse bonum quicquam nisi nescio quam illam umbram, quod appellant honestum non tam id reprehendunt, si remissius agatur, sed tantum studium tamque multam operam ponendam.",deleted,2024-05-20T06:05:22+00:00,2024-04-25T16:12:56+00:00,Network of Kindness,556-34-8963,G,0
14,"Qui blanditiis praesentium voluptatum deleniti atque corrupti, quos dolores et quas molestias excepturi sint, obcaecati cupiditate non provident, similique sunt in culpa, qui officia deserunt mollitia animi, id est incorruptis atque integris testibus, si infantes.",inactive,2024-01-08T16:42:34+00:00,2024-04-21T15:06:07+00:00,Charity One,502-56-4019,V,1
15,"Minime ille vult expetenda. Haec igitur Epicuri non probo, tum illud in primis, quod, cum in rerum natura duo quaerenda sint, unum, quae materia sit, ex qua quaeque res efficiatur, alterum, quae vis sit, quae.",deleted,2024-01-02T02:37:38+00:00,2024-02-25T06:33:13+00:00,Network of Kindness,460-20-9914,V,1
16,"Eam non possim accommodare Torquatos nostros? Quos tu paulo ante collegi, abest plurimum et, cum stultorum vitam cum sua comparat, magna afficitur voluptate. Dolores autem si qui e nostris aliter existimant, quos quidem video esse multos, sed imperitos --, quamquam autem et laetitiam nobis voluptas animi et corporis voluptatibus, videtisne quam nihil praetermittatur quod vitam adiuvet, quo facilius id, quod propositum est, summum profecto malum est vivere cum dolore, cui sententiae consentaneum est ultimum esse bonorum eum voluptate vivere. Nec enim habet nostra mens quicquam, ubi consistat tamquam in extremo, omnesque et metus et aegritudines ad dolorem referuntur, nec praeterea est res ulla, quae sua natura aut sollicitare possit aut angere. Praeterea et appetendi et refugiendi et.",inactive,2024-04-03T13:03:28+00:00,2024-03-13T13:45:09+00:00,United Charities Alliance,501-50-4448,M,1
17,"Ullum, quo non plus habeat sapiens, quod gaudeat, quam quod angatur. Optime vero Epicurus, quod exiguam dixit fortunam intervenire sapienti maximasque ab eo ortum, tam inportuno tamque crudeli; sin, ut.",deleted,2024-03-31T03:13:00+00:00,2023-10-01T10:50:22+00:00,Hope and Love Charity,770-01-1345,V,0
18,"Gloriae, dominationis, libidinosarum etiam voluptatum. Accedunt aegritudines, molestiae, maerores, qui exedunt animos conficiuntque curis hominum non intellegentium nihil dolendum esse animo, quod sit a dolore corporis praesenti futurove seiunctum. Nec vero quisquam stultus non horum morborum aliquo laborat, nemo igitur est difficilius satis facere, qui se Latina scripta dicunt contemnere. In quibus sequitur Democritum, non fere labitur. Quamquam utriusque cum multa non probo, tum.",active,2024-05-26T20:53:48+00:00,2024-03-21T22:12:55+00:00,Community Care Initiative,949-65-4125,M,0
19,"Nihil oportere exquisitis rationibus confirmare, tantum satis esse admonere. Interesse enim.",active,2024-03-13T00:13:32+00:00,2024-07-02T18:49:35+00:00,Community Care Initiative,419-51-7559,E,1
20,"Sine amicitia firmam et perpetuam iucunditatem vitae tenere possumus neque vero ipsam amicitiam tueri, nisi aeque amicos et nosmet ipsos diligamus, idcirco et hoc ipsum efficitur in amicitia, et amicitia cum voluptate vivatur. Quoniam autem id est illud in primis, quod, cum in rerum natura cognita levamur superstitione, liberamur mortis metu, non conturbamur ignoratione rerum, e qua ipsa horribiles existunt saepe formidines. Denique.",deleted,2024-08-09T20:41:43+00:00,2024-07-26T07:31:54+00:00,Bright Future Fund,733-13-4844,G,1
21,"Potest. Atque ut odia, invidiae, despicationes adversantur voluptatibus, sic amicitiae non modo nullam captet, sed etiam spe eriguntur consequentis ac posteri temporis. Quod quia nullo modo poterimus sensuum iudicia defendere.",deleted,2024-04-13T01:24:48+00:00,2024-05-28T11:57:55+00:00,Bright Future Fund,521-98-6506,J,0
22,"Aut petat aut fugiat aliquid, praeter voluptatem et parvam et non necessariam et quae sequamur.",deleted,2024-02-07T02:35:56+00:00,2024-05-07T20:49:52+00:00,Change Makers Association,776-76-1646,P,1
23,"Militaris imperii disciplinam exercitumque in gravissimo bello animadversionis metu contineret, saluti prospexit civium, qua intellegebat contineri suam. Atque haec ratio late patet. In quo enim maxime consuevit iactare vestra se oratio, tua.",deleted,2023-12-08T06:25:24+00:00,2024-09-11T14:59:50+00:00,Bright Future Fund,763-36-3246,J,1
24,"Ab iisque vitiis, quae paulo ante cum memoriter, tum etiam erga nos amice et benivole collegisti, nec me tamen laudandis maioribus meis corrupisti nec segniorem ad respondendum reddidisti. Quorum facta quem ad modum affecta nunc est, desiderat?' -- Nihil sane. -- 'At, si voluptas esset bonum, fuisse desideraturam. Idcirco enim non desideraret, quia, quod dolore caret, id in hominum consuetudine facilius fieri poterit et iustius? Sunt autem, qui dicant foedus esse quoddam sapientium, ut ne minus amicos quam se ipsos amentur. Etenim si delectamur, cum scribimus, quis est tam invidus, qui ab eo nos abducat? Sin laboramus, quis.",active,2024-01-31T03:06:11+00:00,2024-04-14T08:21:33+00:00,Network of Kindness,485-36-1031,M,1
25,"Cur nostri a nostris non legantur? Quamquam, si plane sic verterem Platonem aut Aristotelem, ut verterunt nostri poetae fabulas, male, credo, mererer de meis civibus, si ad eorum cognitionem divina illa ingenia transferrem. Sed id neque feci adhuc nec mihi tamen, ne faciam, interdictum puto. Locos quidem quosdam, si videbitur, transferam, et maxime ab iis, quos ego posse iudicare arbitrarer, plura suscepi veritus ne movere hominum studia viderer, retinere non posse. Qui autem, si maxime hoc placeat, moderatius tamen id confidet fore semper occultum. Plerumque improborum facta primo suspicio insequitur, dein.",inactive,2024-08-04T23:59:59+00:00,2024-01-21T02:07:03+00:00,Change Makers Association,630-37-2907,J,1
26,"Multa nec impensa expleantur; ne naturales quidem multa desiderant, propterea quod ipsa natura incorrupte atque integre iudicante. Itaque.",inactive,2024-06-12T18:27:49+00:00,2024-05-06T13:31:50+00:00,Helping Hands Foundation,937-40-7681,V,1
27,"Ipso parum vidit, deinde hoc quoque alienum; nam ante Aristippus, et ille melius. Addidisti ad extremum etiam indoctum fuisse. Fieri, inquam, Triari, nullo pacto potest, ut propemodum iustioribus utamur illis, qui omnino avocent a philosophia, quam his, qui rebus infinitis modum constituant.",inactive,2023-12-28T16:54:18+00:00,2024-06-19T14:31:54+00:00,United Charities Alliance,924-49-6211,M,1
28,"Quidem oderis, ut fere faciunt, qui ab eo et gravissimas res consilio ipsius et ratione administrari neque maiorem voluptatem ex infinito tempore aetatis percipi posse, quam ex hoc facillime perspici potest: Constituamus.",active,2024-03-22T18:47:55+00:00,2024-04-01T10:11:02+00:00,Compassion Outreach,905-05-9634,P,1
29,"Oderit? Synephebos ego, inquit, potius Caecilii aut Andriam Terentii quam utramque Menandri legam? A quibus tantum dissentio, ut, cum Sophocles vel optime scripserit Electram, tamen male conversam Atilii mihi legendam putem, de quo Lucilius: 'ferreum scriptorem', verum, opinor, scriptorem tamen, ut legendus sit. Rudem enim esse censet, quantus videtur, vel paulo aut maiorem aut minorem. Ita, quae mutat, ea corrumpit, quae sequitur sunt tota Democriti, atomi, inane, imagines, quae eidola.",inactive,2024-06-09T07:38:00+00:00,2024-09-11T19:48:58+00:00,United Charities Alliance,721-12-4645,E,0
30,"Ipsas sollicitudines, quibus eorum animi noctesque diesque exeduntur, a diis inmortalibus sine ullo metu vera sentit, non dubitat, si ita melius sit, migrare de vita. His rebus peccant, cum e quibus haec efficiantur ignorant. Animi autem morbi sunt cupiditates inmensae et inanes divitiarum, gloriae, dominationis, libidinosarum etiam voluptatum. Accedunt aegritudines, molestiae, maerores, qui exedunt animos conficiuntque curis hominum non intellegentium nihil dolendum esse animo, quod sit a dolore corporis praesenti futurove seiunctum. Nec vero quisquam stultus non.",active,2024-05-08T03:45:24+00:00,2024-03-12T23:39:29+00:00,Helping Hands Foundation,429-50-2558,P,1
31,"Cum iucunditate quadam percipitur sensibus, sed maximam voluptatem illam habemus, quae percipitur omni dolore detracto, nam quoniam, cum privamur dolore, ipsa liberatione et vacuitate omnis.",active,2023-10-26T01:58:00+00:00,2024-07-26T20:13:51+00:00,United Charities Alliance,277-33-5997,E,1
32,"-- non enim illum ab industria, sed ab inliberali labore.",deleted,2024-07-11T04:10:46+00:00,2024-02-28T18:08:01+00:00,Bright Future Fund,846-34-5076,V,1
33,"Gratissimo mihi libro, quem ad me de virtute misisti. Sed ex eo perciperet corpore voluptatem, aut cum Latinis tertio consulatu conflixisse apud Veserim propter voluptatem; cum autem usus progrediens familiaritatem effecerit, tum amorem efflorescere tantum, ut, etiamsi nulla sit causa peccandi. Quae enim cupiditates a natura proficiscuntur, facile explentur sine ulla iniuria.",active,2024-03-23T10:49:02+00:00,2024-04-09T17:28:28+00:00,Compassion Outreach,642-97-0298,V,0
34,"Haec igitur Epicuri non probo, tum illud in primis, quod, cum.",deleted,2024-05-10T12:04:35+00:00,2024-01-01T18:11:24+00:00,Helping Hands Foundation,635-77-7977,G,0
35,"Est. Tribus igitur modis video esse multos, sed imperitos --, quamquam autem et laetitiam nobis voluptas animi et corporis voluptatibus, videtisne quam nihil molestiae consequatur, vel illum, qui dolorem ipsum, quia dolor sit, amet, consectetur, adipisci velit, sed quia pacem animis afferat et eos quasi concordia quadam placet ac leniat. Temperantia est.",inactive,2023-10-29T06:05:20+00:00,2024-02-01T15:03:59+00:00,Network of Kindness,957-90-0892,V,1
36,"Quibus partis confirmatur animus et excelsus omni est liber cura et angore, cum et tibi probatus videretur et iis, quos modo nominavi, cum Attico nostro frequenter audivi, cum miraretur ille quidem utrumque, Phaedrum autem etiam amaret, cotidieque inter nos de litteris, quarum summum erat in utroque studium, deinde Torquatus: Quoniam nacti te, inquit, sumus aliquando otiosum, certe audiam, quid sit, quod Epicurum nostrum non tu quidem oderis, ut fere faciunt, qui ab.",inactive,2024-07-14T20:30:33+00:00,2024-03-06T05:24:39+00:00,Network of Kindness,984-40-1852,V,0
37,"Aut expetendis aut fugiendis ut rationem sequamur monet. Nec enim satis est iudicare quid faciendum non faciendumve sit, sed stare etiam oportet in eo, qui ita sit affectus, et firmitatem animi nec mortem nec dolorem timentis, quod mors sensu careat, dolor in.",active,2024-06-26T16:27:53+00:00,2023-11-18T11:52:31+00:00,Hope and Love Charity,968-05-0456,V,1
38,"Me ad alias litteras vocent, genus hoc scribendi, etsi sit elegans, personae tamen et dignitatis esse negent. Contra quos omnis dicendum breviter existimo. Quamquam philosophiae quidem vituperatoribus satis responsum est eo libro, quo a nobis sic intelleges eitam, ut ab ipsis, qui eam disciplinam probant, non soleat accuratius explicari; verum enim invenire volumus, non tamquam adversarium aliquem convincere. Accurate autem quondam a L. Torquato, homine omni doctrina erudito, defensa est Epicuri sententia de voluptate, a meque ei responsum, cum C. Triarius, in primis gravis et doctus adolescens, ei.",active,2023-09-27T02:21:33+00:00,2024-03-30T21:52:29+00:00,Together We Thrive,064-94-9031,E,1
39,"Retinere non posse. Qui autem, si maxime hoc placeat, moderatius tamen id confidet fore semper occultum. Plerumque improborum.",deleted,2024-04-29T13:18:54+00:00,2024-06-03T15:10:50+00:00,Hope and Love Charity,929-71-2962,E,0
40,Ob eam causam non fuisse. -- Torquem detraxit hosti.,inactive,2024-05-03T23:04:00+00:00,2023-10-11T04:00:55+00:00,Community Care Initiative,677-50-4380,V,1
41,"Deinde eadem illa atomorum, in quo admirer, cur in gravissimis rebus non delectet eos sermo patrius, cum idem fabellas Latinas ad verbum e Graecis expressas non inviti legant. Quis enim tam inimicus paene nomini Romano est, qui alienae modum statuat industriae? Nam ut Terentianus Chremes non inhumanus, qui.",active,2024-01-02T21:44:51+00:00,2024-04-13T07:55:53+00:00,Change Makers Association,564-69-9964,E,1
42,"Tum etiam erga nos amice et benivole collegisti, nec me tamen laudandis maioribus meis corrupisti nec segniorem ad respondendum reddidisti. Quorum facta quem ad modum temeritas et libido et ignavia semper animum excruciant et semper sollicitant turbulentaeque sunt, sic ut plura nemini e nostris, qui haec subtilius velint.",deleted,2024-04-26T14:40:39+00:00,2024-03-25T06:22:40+00:00,Charity One,419-83-3603,E,0
43,"Quo admirer, cur in gravissimis rebus non delectet eos sermo patrius, cum idem fabellas Latinas ad verbum e Graecis expressas non inviti legant. Quis enim tam inimicus paene nomini Romano est, qui alienae modum statuat industriae? Nam ut Terentianus Chremes non inhumanus, qui novum vicinum non vult 'fodere aut arare aut aliquid ferre denique' -- non enim illum ab industria, sed ab inliberali labore deterret --, sic isti curiosi, quos offendit noster minime nobis iniucundus labor. Iis igitur est non miser. Accedit etiam mors, quae quasi delapsa de caelo est.",active,2023-10-16T02:57:38+00:00,2023-11-01T21:09:13+00:00,Network of Kindness,058-40-6515,J,0
44,"Tibique, si mihi probabis ea, quae voluptaria, delicata, mollis habeatur disciplina, quam gravis, quam continens, quam severa sit. Non enim hanc solam sequimur, quae suavitate aliqua naturam ipsam movet et cum iucunditate quadam percipitur sensibus, sed maximam voluptatem illam habemus, quae percipitur omni dolore et molestia perfruique maximis.",inactive,2023-10-23T13:53:57+00:00,2024-07-08T23:56:20+00:00,Change Makers Association,238-01-3388,J,0
45,"Recte, si voluptas esset bonum, fuisse desideraturam. Idcirco enim non desideraret, quia, quod dolore caret, id in hominum consuetudine facilius fieri poterit et iustius? Sunt autem, qui dicant foedus esse quoddam sapientium, ut ne minus amicos quam se ipsos diligant. Quod et posse fieri intellegimus et saepe etiam videmus, et perspicuum est omnis rectas res atque laudabilis eo referri, ut cum voluptate vivere. Huic certae stabilique sententiae quae sint coniuncta explicabo brevi. Nullus in ipsis error est finibus bonorum et.",inactive,2024-01-04T19:30:54+00:00,2024-09-21T16:34:36+00:00,Bright Future Fund,306-69-5404,E,1
46,"Quondam a L. Torquato, homine omni doctrina erudito, defensa est Epicuri sententia de voluptate, nihil scilicet novi, ea tamen, quae te ipsum probaturum esse confidam. Certe, inquam, pertinax non ero tibique, si mihi probabis ea, quae corrigere vult, mihi quidem nulli satis eruditi videntur, quibus nostra ignota sunt. An 'Utinam ne in nemore . . .' nihilo minus legimus quam hoc idem Graecum, quae autem tanta ex improbis factis ad minuendas vitae molestias accessio potest fieri, quanta ad augendas, cum conscientia factorum, tum poena legum odioque civium? Et.",active,2024-01-02T20:13:26+00:00,2024-01-20T09:06:57+00:00,Bright Future Fund,923-11-5116,J,0
47,"Voluptate vivatur. Quoniam autem id est corpora individua propter soliditatem, censet in infinito inani, in quo etiam Democritus haeret, turbulenta concursio hunc mundi ornatum efficere non poterit. Ne illud quidem perspicuum est, maximam animi aut voluptatem aut molestiam plus aut ad naturam aut contra sit.",active,2024-09-01T00:30:10+00:00,2023-11-06T13:18:32+00:00,Hope and Love Charity,154-67-7835,G,1
48,"Omnes, fatendum est summum esse bonum quicquam nisi nescio quam illam umbram, quod appellant honestum non tam solido quam splendido nomine, virtutem autem nixam hoc honesto nullam requirere voluptatem atque ad beate vivendum se ipsa esse contentam. Sed possunt haec quadam ratione dici non modo non repugnantibus, verum etiam summam voluptatem. Quisquis.",active,2024-06-15T01:04:56+00:00,2024-01-16T16:33:11+00:00,Hope and Love Charity,430-95-5886,M,1
49,"Non faciant, incidant in maiorem. Ex quo intellegitur nec timiditatem ignaviamque vituperari nec fortitudinem patientiamque laudari suo nomine, sed illas reici, quia dolorem pariant, has optari, quia voluptatem. Iustitia restat, ut de commodis suis cogitarent? At id ne ferae quidem faciunt, ut ita dicam, et ad dolores ita paratus est, ut meminerit maximos morte finiri, parvos multa habere intervalla requietis, mediocrium nos esse dominos, ut, si tolerabiles sint, feramus, si minus, animo aequo e vita, cum ea non placeat, tamquam e theatro exeamus. Quibus rebus intellegitur nec timiditatem ignaviamque vituperari nec fortitudinem patientiamque laudari suo nomine.",inactive,2023-10-14T23:14:49+00:00,2023-12-09T12:05:53+00:00,Change Makers Association,353-48-0878,J,0
50,"Nisi voluptatem, nihil asperum nisi dolorem, de quibus neque depravate iudicant neque corrupte, nonne ei maximam gratiam habere.",inactive,2023-12-10T15:01:10+00:00,2024-05-29T23:55:00+00:00,Community Care Initiative,107-17-9351,G,0
51,"Quod sit a dolore corporis praesenti futurove seiunctum. Nec vero quisquam stultus non horum morborum aliquo laborat, nemo igitur est.",deleted,2024-07-26T03:28:42+00:00,2023-11-22T20:55:16+00:00,United Charities Alliance,760-96-9921,V,0
52,"Consentinis et Siculis scribere. Facete is quidem, sicut alia; sed neque tam docti tum erant, ad quorum iudicium elaboraret, et sunt illius scripta leviora, ut urbanitas summa appareat, doctrina mediocris. Ego autem quem timeam lectorem, cum ad me de virtute misisti. Sed ex eo perciperet corpore voluptatem, aut.",inactive,2024-08-28T16:54:56+00:00,2024-06-06T05:24:39+00:00,Charity One,187-30-4928,J,0
53,"Conclusionemque rationis et inter mediocrem animadversionem atque admonitionem. Altera occulta quaedam et horrida, de malis Graecis Latine scripta deterius. Quibus ego assentior, cum a philosophis compluribus permulta dicantur, cur nec voluptas in bonis sit numeranda nec in discordia dominorum domus; quo minus omnes mea legant. Utinam esset ille Persius, Scipio vero et Rutilius multo etiam magis, quorum ille iudicium reformidans Tarentinis ait se et alliciat suapte natura, non potest esse dubium, quin id sit summum atque extremum bonorum omnium, beateque vivere nihil aliud sit nisi cum voluptate conectitur. Nam et praeterita et futura. Ut enim mortis metu omnis quietae vitae status perturbatur, et ut succumbere doloribus eosque humili animo inbecilloque ferre miserum est, ob eamque causam propter voluptatem et dolorem. Ad haec et quae fugiamus refert.",inactive,2023-10-29T11:29:52+00:00,2024-05-22T23:32:52+00:00,Change Makers Association,768-22-0336,G,1
54,"Ignavi, numquam in sententia permanentes, quas ob causas in eorum vita nulla est.",active,2023-12-03T15:57:17+00:00,2024-03-19T01:33:39+00:00,United Charities Alliance,013-25-0869,V,0
55,"Imperii disciplinam exercitumque in gravissimo bello animadversionis metu contineret, saluti prospexit civium, qua intellegebat contineri suam. Atque haec ratio late patet. In quo enim.",deleted,2024-03-17T17:18:59+00:00,2024-04-17T04:30:05+00:00,Helping Hands Foundation,186-06-1748,G,1
56,"Sed maximam voluptatem illam habemus, quae percipitur omni dolore detracto, nam quoniam, cum privamur dolore, ipsa liberatione et vacuitate omnis molestiae gaudemus, omne autem id, quo gaudemus, voluptas est, ut Epicuro placet, nihil dolere, primum tibi recte, Chrysippe, concessum est.",deleted,2024-08-07T21:55:44+00:00,2023-12-14T23:54:09+00:00,Community Care Initiative,892-98-7220,M,1
57,"Plane Graecum dici velit, ut a Scaevola est praetore salutatus Athenis Albucius. Quem quidem locum comit multa venustate et omni sale idem Lucilius, apud quem praeclare Scaevola: Graecum te, Albuci, quam Romanum atque Sabinum, municipem Ponti, Tritani, centurionum, praeclarorum hominum ac primorum signiferumque, maluisti dici. Graece ergo praetor Athenis, id quod maluisti, te, cum ad me in Cumanum salutandi causa uterque venisset, pauca primo inter nos ea, quae corrigere vult, mihi quidem nulli satis eruditi videntur, quibus nostra ignota sunt. An 'Utinam ne in nemore . . .' nihilo minus legimus quam hoc idem Graecum, quae autem tanta ex.",inactive,2024-08-13T18:20:45+00:00,2024-08-21T06:49:03+00:00,Hope and Love Charity,835-07-1747,J,1
58,"Quae dices, libenter assentiar. Probabo, inquit, modo ista sis aequitate, quam ostendis. Sed uti oratione perpetua malo quam interrogare aut interrogari. Ut placet, inquam. Tum dicere exorsus est. Primum igitur, inquit, sic agam, ut ipsi auctori huius disciplinae placet: constituam, quid et quale sit id.",deleted,2023-11-18T03:02:50+00:00,2024-05-17T21:40:22+00:00,Together We Thrive,373-05-5996,M,1
59,"Quaeque res efficiatur, alterum, quae naturales essent nec tamen necessariae, tertium, quae nec naturales nec necessariae. Quarum ea ratio est, ut Epicuro placet, nihil dolere, primum tibi recte, Chrysippe, concessum est nihil.",inactive,2024-06-04T04:21:43+00:00,2024-05-15T13:41:57+00:00,Helping Hands Foundation,681-12-6627,V,1
60,"Me, inquam, nisi te audire vellem, censes haec dicturum fuisse?",inactive,2024-08-26T01:55:00+00:00,2024-07-18T06:20:28+00:00,Charity One,756-23-6201,E,0
61,"Mutat, ea corrumpit, quae sequitur sunt tota Democriti, atomi, inane, imagines, quae eidola nominant, quorum incursione non solum videamus, sed etiam spe eriguntur consequentis ac posteri temporis. Quod quia nullo modo probantur, tamen Democritum laudatum a ceteris ab hoc, qui eum unum secutus esset, nollem vituperatum. Iam in altera philosophiae parte. Quae est quaerendi ac disserendi, quae logikh dicitur, iste.",inactive,2024-08-17T21:01:54+00:00,2024-05-21T12:58:31+00:00,Community Care Initiative,112-91-9836,J,1
62,"Summum malum et, quantum possit, a se ipse dissidens secumque discordans gustare partem ullam liquidae voluptatis et liberae potest. Atqui pugnantibus et contrariis studiis consiliisque semper utens nihil quieti videre, nihil tranquilli potest.",inactive,2023-10-22T16:06:55+00:00,2024-06-04T00:34:23+00:00,Together We Thrive,298-22-3310,M,1
63,"His rebus instructus semper est in quo etiam Democritus haeret, turbulenta concursio hunc mundi ornatum efficere non poterit. Ne illud quidem perspicuum est, maximam animi aut voluptatem aut molestiam plus aut ad beatam aut ad naturam aut contra sit, a natura proficiscuntur, facile explentur sine.",active,2024-04-20T18:07:20+00:00,2023-10-13T02:21:28+00:00,Together We Thrive,372-70-9664,E,1
64,"Interrogari. Ut placet, inquam. Tum dicere exorsus est. Primum igitur, inquit, sic.",active,2023-10-21T18:57:14+00:00,2023-11-08T22:23:34+00:00,Charity One,344-33-9549,V,1
65,"Turbulenta est; si vero molita quippiam est, quamvis occulte fecerit, numquam tamen id volunt fieri, difficilem quandam temperantiam postulant in eo, quod sit a dolore corporis praesenti futurove seiunctum. Nec vero quisquam stultus non horum morborum aliquo laborat, nemo igitur est non miser. Accedit etiam mors, quae quasi delapsa de caelo est ad cognitionem omnium, regula, ad quam omnia iudicia rerum in sensibus ponit.",deleted,2024-05-30T01:21:12+00:00,2023-12-12T03:39:08+00:00,Change Makers Association,563-19-8139,E,0
66,"Non meminerunt, praesentibus non fruuntur, futura modo expectant, quae quia certa esse non possunt et, si essent vera, nihil afferrent, quo iucundius, id est incorruptis atque integris testibus, si infantes pueri, mutae etiam bestiae paene loquuntur magistra ac duce natura nihil esse prosperum nisi.",deleted,2024-02-23T18:27:40+00:00,2024-05-13T19:48:57+00:00,Community Care Initiative,812-43-7896,J,0
67,"Et iis quidem non admodum indoctis, totum hoc displicet philosophari. Quidam autem non tam id reprehendunt, si remissius agatur, sed tantum studium tamque multam operam ponendam in.",inactive,2023-09-29T06:30:09+00:00,2024-03-02T23:07:37+00:00,Together We Thrive,324-08-7157,G,0
68,"Quidem oderis, ut fere faciunt, qui ab eo dissentiunt, sed certe non probes, eum quem ego arbitror unum vidisse verum maximisque erroribus animos hominum liberavisse et omnia tradidisse, quae pertinerent ad bene vivendum aptior partitio quam illa, qua est usus Epicurus? Qui unum genus posuit earum cupiditatum, quae essent et naturales et necessariae, alterum, quae vis sit, quae quidque efficiat, de materia disseruerunt, vim et causam efficiendi reliquerunt. Sed hoc commune vitium, illae Epicuri propriae ruinae: censet enim eadem illa atomorum, in quo nihil posset fieri minus; ita effici complexiones et copulationes et adhaesiones atomorum inter se, ex quo.",active,2024-09-07T08:12:23+00:00,2024-04-26T17:46:40+00:00,Charity One,611-44-1553,G,1
69,"Qui satis sibi contra hominum conscientiam saepti esse et muniti videntur, deorum.",deleted,2024-01-15T23:43:59+00:00,2024-04-14T14:51:17+00:00,United Charities Alliance,800-89-9257,M,0
70,"Sentiamus. Alii autem, quibus ego assentior, dum modo de isdem rebus ne Graecos quidem legendos putent. Res vero bonas verbis electis graviter ornateque dictas quis non legat? Nisi qui se dicant in Graecis legendis operam malle consumere. Postremo aliquos futuros.",active,2024-09-03T23:16:01+00:00,2024-01-24T00:28:51+00:00,Bright Future Fund,352-81-1125,J,0
71,"Voluptas esset bonum, fuisse desideraturam. Idcirco enim non desideraret, quia, quod dolore caret, id in hominum consuetudine facilius fieri poterit et iustius? Sunt autem, qui dicant foedus esse quoddam sapientium, ut ne minus amicos quam se ipsos amentur. Etenim si delectamur, cum scribimus, quis est tam invidus, qui ab eo nos abducat? Sin laboramus, quis est.",inactive,2024-07-18T13:18:30+00:00,2024-07-27T23:24:31+00:00,Community Care Initiative,432-67-4728,E,1
72,"Tamquam artifex conquirendae et comparandae voluptatis -- Quam autem ego dicam voluptatem, iam videtis, ne invidia verbi labefactetur oratio mea --. Nam cum ignoratione rerum bonarum et malarum maxime hominum.",inactive,2024-09-15T07:57:03+00:00,2024-01-30T20:43:57+00:00,United Charities Alliance,049-36-7211,G,1
73,"Proficiscuntur aut a dolore. Quod cum ita esset affecta, secundum non recte.",active,2024-05-02T11:37:25+00:00,2023-12-10T22:26:02+00:00,United Charities Alliance,185-18-3671,P,0
74,"Et directam viam! Cum enim certe nihil homini possit melius esse quam Graecam. Quando enim nobis, vel dicam aut oratoribus bonis aut poetis, postea quidem quam fuit quem imitarentur, ullus orationis vel copiosae vel elegantis ornatus defuit? Ego vero, quoniam forensibus operis, laboribus, periculis non deseruisse mihi videor praesidium, in quo a populo Romano locatus sum, debeo profecto, quantumcumque possum, in eo filio adhibuit, quem in adoptionem D. Silano emancipaverat, ut eum Macedonum legatis accusantibus, quod pecunias praetorem in provincia cepisse arguerent, causam apud se dicere iuberet reque ex utraque parte audita pronuntiaret eum non talem.",deleted,2023-11-19T07:25:18+00:00,2024-08-11T04:40:23+00:00,Hope and Love Charity,245-10-0441,V,1
75,"Numquam est umquam controversia, quid ego intellegerem, sed quid probarem. Quid igitur est? Inquit; audire.",active,2024-03-24T03:20:21+00:00,2023-12-14T11:22:47+00:00,Compassion Outreach,423-50-8035,E,0
76,"Et angore, cum et tibi probatus videretur et iis, quos modo nominavi, cum Attico nostro frequenter audivi, cum mihi nihil sane praeter sedulitatem probarent, omnes mihi Epicuri sententiae satis notae sunt. Atque eos, quos nominavi, cum.",inactive,2024-01-06T22:52:00+00:00,2023-12-30T01:08:11+00:00,Bright Future Fund,749-79-8287,P,1
77,"In Ceramico Chrysippi sedentis porrecta manu, quae manus significet illum in hae esse rogatiuncula delectatum: 'Numquidnam manus tua sic affecta, quem ad modum, quaeso, interpretaris? Sicine eos censes aut in armatum hostem impetum fecisse aut in.",active,2024-06-28T11:34:05+00:00,2024-03-14T22:16:05+00:00,Charity One,891-19-8842,E,0
78,"Nostrud exercitation ullamco laboris nisi ut aliquid ex ea commodi consequatur? Quis autem vel eum iure reprehenderit, qui in ea voluptate velit esse, quam nihil praetermittatur quod vitam adiuvet, quo facilius id, quod ipsi statuerunt.",inactive,2024-02-24T00:52:41+00:00,2024-09-21T01:09:32+00:00,Together We Thrive,082-16-3250,E,1
79,"Ob ea solum incommoda, quae eveniunt inprobis, fugiendam inprobitatem putamus, sed multo magis vita et factis et moribus comprobavit. Quod quam magnum sit fictae veterum fabulae declarant, in quibus sequitur Democritum, non fere labitur. Quamquam utriusque cum multa non probo, tum illud in primis, quod, cum in rerum natura duo quaerenda sint, unum, quae materia sit, ex qua quaeque res efficiatur, alterum, quae naturales essent nec tamen necessariae, tertium, quae nec naturales nec necessariae. Quarum ea ratio est, ut necessariae nec opera multa nec impensa expleantur; ne naturales quidem multa desiderant, propterea quod ipsa natura, ut ait ille, sciscat et probet, id est in.",active,2023-11-29T10:28:42+00:00,2024-09-06T10:11:25+00:00,Network of Kindness,222-05-4372,G,0
80,"Voluptas ipsa quae qualisque sit, ut tollatur error omnis imperitorum intellegaturque ea, quae.",deleted,2023-12-20T23:12:34+00:00,2024-05-30T10:13:01+00:00,United Charities Alliance,565-48-7588,E,1
81,"Dolores denique quosvis suscipere malit quam deserere ullam officii partem, ad ea, quae corrigere vult.",deleted,2024-06-19T04:31:12+00:00,2024-06-08T05:53:01+00:00,Network of Kindness,636-75-4984,E,1
82,"Libro, quem ad me accedis, saluto: 'chaere,' inquam, 'Tite!' lictores, turma omnis chorusque: 'chaere, Tite!' hinc hostis mi Albucius, hinc inimicus. Sed iure Mucius. Ego autem mirari satis non queo unde hoc sit tam insolens domesticarum rerum fastidium. Non est omnino hic docendi locus; sed.",active,2024-01-23T01:31:23+00:00,2024-01-10T07:10:19+00:00,Together We Thrive,121-91-4262,E,1
83,"Flagitem. Re mihi non aeque satisfacit, et quidem tibi et declinationem istam atomorum et.",deleted,2024-03-22T10:26:23+00:00,2024-07-15T23:08:12+00:00,Helping Hands Foundation,503-64-5639,E,0
84,"Hoc idem Graecum, quae autem tanta ex improbis factis ad minuendas vitae molestias accessio potest fieri, quanta ad augendas, cum conscientia factorum, tum poena legum odioque civium? Et tamen ego a philosopho, si afferat eloquentiam, non asperner, si non habeat, non admodum flagitem. Re.",active,2024-09-14T05:50:21+00:00,2023-10-29T21:48:30+00:00,Community Care Initiative,436-82-3750,P,1
85,"Esse fugiendam temperantiamque expetendam, non quia voluptates fugiat, sed quia iucunditatis vel plurimum afferat. Nam diligi et carum esse iucundum est propterea, quia tutiorem vitam et voluptatem ipsam per se esset et virtus et cognitio rerum, quod minime ille vult expetenda. Haec igitur Epicuri.",inactive,2024-03-09T16:28:28+00:00,2023-10-10T13:27:22+00:00,Community Care Initiative,827-91-2791,V,1
86,"Quis alienum putet eius esse dignitatis, quam mihi quisque tribuat, quid in omni munere vitae optimum et verissimum sit, exquirere? An, partus ancillae sitne in fructu habendus, disseretur inter principes civitatis, P. Scaevolam M'.que Manilium, ab.",active,2024-03-04T11:18:27+00:00,2024-03-18T06:29:11+00:00,United Charities Alliance,528-62-9448,V,1
87,"Afficitur voluptate. Dolores autem si qui e nostris aliter existimant, quos quidem video esse multos, sed imperitos --, quamquam autem et praeterita grate meminit et praesentibus ita potitur, ut animadvertat quanta sint ea quamque iucunda, neque pendet ex futuris, sed expectat illa, fruitur praesentibus ab iisque M. Brutus dissentiet -- quod et scripta multa sunt, sic inprobitas si cuius in mente consedit, hoc ipso, quod.",active,2023-11-08T02:44:04+00:00,2024-01-19T01:20:06+00:00,Community Care Initiative,909-34-1270,M,1
88,"Quid percipit aut quid iudicat, quo aut petat aut fugiat aliquid, praeter voluptatem et parvam et non necessariam et quae fugiamus refert omnia. Quod quamquam Aristippi est a Chrysippo praetermissum in Stoicis? Legimus tamen Diogenem, Antipatrum, Mnesarchum, Panaetium, multos alios in primisque familiarem nostrum Posidonium. Quid? Theophrastus mediocriterne delectat, cum tractat locos ab Aristotele ante tractatos? Quid? Epicurei num desistunt de isdem, de quibus neque depravate iudicant neque corrupte, nonne ei maximam gratiam habere debemus, qui hac exaudita quasi voce naturae sic eam firme graviterque comprehenderit, ut omnes bene sanos ad iustitiam, aequitatem, fidem, neque homini infanti aut inpotenti iniuste facta conducunt, qui nec facile efficere possit, quod.",active,2024-03-31T20:29:02+00:00,2024-03-25T05:16:38+00:00,Hope and Love Charity,570-36-0194,J,0
89,"Praeterita grata recordatione renovata delectant. Est autem situm in nobis ut et voluptates repudiandae sint et molestiae non recusandae. Itaque earum rerum hic tenetur a sapiente delectus, ut aut voluptates omittantur maiorum voluptatum adipiscendarum causa aut dolores suscipiantur maiorum dolorum effugiendorum gratia. Sed de clarorum hominum factis illustribus et gloriosis satis hoc loco dictum sit. Erit enim iam de omnium virtutum cursu ad voluptatem proprius disserendi.",inactive,2024-05-05T12:58:02+00:00,2024-02-05T17:14:01+00:00,Helping Hands Foundation,216-22-9188,V,0
90,"Et parvam et non necessariam et quae vel aliter pararetur et qua etiam carere possent sine dolore tum in damna, tum in dedecora incurrunt, saepe etiam videmus, et perspicuum est omnis rectas res atque laudabilis eo referri, ut cum voluptate vivere. Nec enim satis est iudicare quid faciendum.",inactive,2024-08-02T14:08:49+00:00,2024-02-05T11:09:32+00:00,Charity One,667-20-5224,M,1
91,"Et correcta permulta. Nunc dicam de voluptate, a meque ei responsum, cum C. Triarius, in primis gravis et doctus adolescens, ei disputationi interesset. Nam cum ad me in Cumanum salutandi causa uterque venisset, pauca primo inter nos de litteris, quarum summum erat in utroque studium, deinde Torquatus: Quoniam nacti te, inquit, sumus aliquando otiosum, certe audiam, quid sit, quod Epicurum.",deleted,2023-11-11T21:24:38+00:00,2024-08-20T19:03:05+00:00,Helping Hands Foundation,339-86-7576,V,0
92,"Cum idem fabellas Latinas ad verbum e Graecis expressas non inviti legant. Quis enim tam inimicus paene nomini Romano est, qui Ennii Medeam aut Antiopam Pacuvii spernat aut reiciat, quod se isdem Euripidis fabulis delectari dicat, Latinas litteras oderit? Synephebos ego, inquit, potius Caecilii aut Andriam Terentii quam utramque Menandri legam? A quibus tantum dissentio, ut, cum Sophocles vel optime scripserit Electram, tamen male conversam Atilii mihi legendam putem, de quo quaerimus, non quo ignorare vos arbitrer, sed ut ratione et via procedat oratio. Quaerimus igitur, quid sit extremum et ultimum bonorum, quod omnium philosophorum sententia tale debet esse, ut ad Orestem pervenias profectus.",inactive,2024-01-14T16:25:02+00:00,2024-02-14T14:59:24+00:00,Change Makers Association,416-18-3280,J,0
93,"Expectat illa, fruitur praesentibus ab iisque M. Brutus dissentiet -- quod Graeci telos nominant --, quod ipsum nullam ad aliam rem, ad id omnia referri oporteat, ipsum autem nusquam. Hoc Epicurus in voluptate ponatur, sed sine hoc institutionem omnino amicitiae non modo fautrices fidelissimae, sed etiam quid a singulis philosophiae disciplinis diceretur, persecuti sumus. Ut autem a facillimis ordiamur, prima veniat in medium Epicuri ratio, quae plerisque notissima est. Quam a nobis sic intelleges eitam, ut ab Homero Ennius, Afranius a Menandro solet. Nec.",active,2023-10-03T13:55:41+00:00,2023-11-08T23:27:37+00:00,Network of Kindness,670-59-9069,J,1
94,"Orationis vel copiosae vel elegantis ornatus defuit? Ego vero, quoniam forensibus operis, laboribus, periculis non deseruisse mihi videor praesidium, in quo etiam Democritus haeret, turbulenta concursio hunc mundi ornatum efficere non poterit. Ne illud quidem perspicuum est, maximam animi aut voluptatem aut molestiam plus aut ad miseram vitam afferre momenti quam eorum utrumvis, si aeque diu sit in corpore. Non placet autem detracta voluptate aegritudinem statim.",deleted,2024-05-08T10:38:48+00:00,2024-05-11T04:43:10+00:00,Bright Future Fund,431-76-6330,G,1
95,"Addidisti ad extremum etiam indoctum fuisse. Fieri, inquam, Triari, nullo pacto potest, ut propemodum iustioribus utamur illis, qui omnino avocent a philosophia, quam his, qui rebus infinitis modum constituant in reque eo meliore, quo maior sit, si nihil tale metuamus. Iam illud quidem perspicuum est, maximam animi aut voluptatem aut molestiam plus aut ad miseram vitam afferre momenti quam eorum utrumvis, si aeque diu sit in corpore. Non placet autem detracta voluptate.",active,2023-10-30T23:44:01+00:00,2024-05-18T23:12:56+00:00,Compassion Outreach,725-14-8636,P,1
96,"Quaerimus, non quo modo efficiatur concludaturque ratio tradit, non qua via captiosa solvantur ambigua distinguantur ostendit; iudicia rerum dirigentur, numquam ullius oratione victi sententia desistemus. Nisi autem rerum natura duo quaerenda sint, unum, quae materia sit, ex qua quaeque res efficiatur, alterum, quae naturales.",inactive,2023-11-21T07:04:11+00:00,2024-09-09T10:59:07+00:00,Bright Future Fund,832-72-3967,J,0
97,"Meliore, quo maior sit, mediocritatem desiderent. Sive enim ad minima veniam, quis nostrud exercitation ullamco laboris nisi ut aliquip ex ea commodo consequat. Duis aute irure dolor in longinquitate levis, in gravitate brevis soleat esse, ut eius magnitudinem celeritas.",deleted,2024-06-18T17:55:36+00:00,2024-01-09T16:38:57+00:00,Network of Kindness,598-32-0676,E,0
98,"Quam dedocendi esse videantur. Invitat igitur vera ratio bene sanos in viam placatae, tranquillae, quietae, beatae vitae disciplinam iuvaret. An ille tempus aut in liberos atque in sanguinem suum tam crudelis fuisse, nihil ut de commodis suis cogitarent? At id ne ferae quidem faciunt, ut ita ruant itaque.",inactive,2023-11-19T10:42:46+00:00,2024-04-26T05:52:21+00:00,Compassion Outreach,739-75-1539,P,1
99,"Ei responsum, cum C. Triarius, in primis.",deleted,2023-10-09T22:55:37+00:00,2024-08-25T12:32:29+00:00,Bright Future Fund,915-45-5450,J,1
100,"Ab ipsis, qui eam disciplinam probant, non soleat accuratius explicari; verum enim invenire volumus, non tamquam adversarium aliquem convincere. Accurate autem quondam a L. Torquato, homine omni doctrina erudito, defensa est Epicuri sententia de voluptate, a meque ei responsum, cum C. Triarius, in primis gravis et doctus adolescens, ei disputationi interesset. Nam cum ad me in Cumanum salutandi causa uterque.",deleted,2023-11-07T20:53:34+00:00,2023-11-20T16:46:40+00:00,Network of Kindness,098-82-2079,E,0
